{"name":"19cd0136-b5b1-488c-9d82-dc973d593120","id":"/providers/Microsoft.Flow/flows/19cd0136-b5b1-488c-9d82-dc973d593120","type":"Microsoft.Flow/flows","properties":{"apiId":"/providers/Microsoft.PowerApps/apis/shared_logicflows","displayName":"NXT Button Ack Letter for Google ","definition":{"metadata":{"workflowEntityId":null,"processAdvisorMetadata":null,"flowclientsuspensionreason":"None","flowclientsuspensiontime":null,"creator":{"id":"86be2d29-5207-4e7a-90d3-5212a57be071","type":"User","tenantId":"93967345-4de6-4d0c-8661-1d2d8cabb8e1"},"provisioningMethod":"FromDefinition","failureAlertSubscription":true,"clientLastModifiedTime":"2022-05-17T15:43:23.9981086Z"},"$schema":"https://schema.management.azure.com/providers/Microsoft.Logic/schemas/2016-06-01/workflowdefinition.json#","contentVersion":"1.0.0.0","parameters":{"$connections":{"defaultValue":{},"type":"Object"},"$authentication":{"defaultValue":{},"type":"SecureObject"}},"triggers":{"manual":{"metadata":{"operationMetadataId":"682a64b6-5ac5-4858-ab8e-8614d43a3192"},"type":"Request","kind":"Http","inputs":{"schema":{"type":"object","properties":{"uit":{"type":"string"},"context":{"type":"object","properties":{"recordId":{"type":"string"}}}}}}}},"actions":{"Get_a_gift":{"runAfter":{"Validate_a_user_identity_token":["Succeeded"]},"metadata":{"operationMetadataId":"ded1722f-5105-43fc-aee0-54e021344ab7"},"type":"OpenApiConnection","inputs":{"host":{"apiId":"/providers/Microsoft.PowerApps/apis/shared_blackbaudraisersedge","connectionName":"shared_blackbaudraisersedge","operationId":"GetGift"},"parameters":{"gift_id":"@triggerBody()?['context']?['recordId']"},"authentication":"@parameters('$authentication')"}},"Get_file_content_using_path":{"runAfter":{"Get_constituent_name_format_summary":["Succeeded"]},"metadata":{"operationMetadataId":"19bc896b-4c86-4b09-91c8-d28589da65db"},"type":"OpenApiConnection","inputs":{"host":{"apiId":"/providers/Microsoft.PowerApps/apis/shared_googledrive","connectionName":"shared_googledrive","operationId":"GetFileContentByPath"},"parameters":{"path":"/General Thank You Template.docx","inferContentType":true},"authentication":"@parameters('$authentication')"}},"Search_and_Replace_Text":{"runAfter":{"Get_file_content_using_path":["Succeeded"]},"metadata":{"operationMetadataId":"93e06d57-7740-4000-88bf-1384b863fcb1"},"type":"OpenApiConnection","inputs":{"host":{"apiId":"/providers/Microsoft.PowerApps/apis/shared_encodiandocumentmanager","connectionName":"shared_encodiandocumentmanager","operationId":"SearchAndReplaceText"},"parameters":{"operation/fileType":"DOCX","operation/FileName":"General Thank You Template.docx","operation/FileContent":"@body('Get_file_content_using_path')","operation/Phrases":[{"SearchText":"FullName","IsExpression":false,"ReplacementText":"@outputs('Get_a_constituent')?['body/name']","Font":"Arial","FontSize":16,"FontColour":"#000000","BackgroundColour":"#FFFFFF","Underline":false},{"SearchText":"AddressLines","IsExpression":false,"ReplacementText":"@outputs('Get_a_constituent')?['body/address/address_lines']","Font":"Arial","FontSize":16,"FontColour":"#000000","BackgroundColour":"#FFFFFF","Underline":false},{"SearchText":"City","IsExpression":false,"ReplacementText":"@outputs('Get_a_constituent')?['body/address/city']","Font":"Arial","FontSize":16,"FontColour":"#000000","BackgroundColour":"#FFFFFF","Underline":false},{"SearchText":"State","IsExpression":false,"ReplacementText":"@outputs('Get_a_constituent')?['body/address/state']","Font":"Arial","FontSize":16,"FontColour":"#000000","BackgroundColour":"#FFFFFF","Underline":false},{"SearchText":"PostCode","IsExpression":false,"ReplacementText":"@outputs('Get_a_constituent')?['body/address/postal_code']","Font":"Arial","FontSize":16,"FontColour":"#000000","BackgroundColour":"#FFFFFF","Underline":false},{"SearchText":"GiftAmount","IsExpression":false,"ReplacementText":"@outputs('Get_a_gift')?['body/amount/value']","Font":"Arial","FontSize":16,"FontColour":"#000000","BackgroundColour":"#FFFFFF","Underline":false},{"SearchText":"GiftDate","IsExpression":false,"ReplacementText":"@outputs('Get_a_gift')?['body/date']","Font":"Arial","FontSize":16,"FontColour":"#000000","BackgroundColour":"#FFFFFF","Underline":false},{"SearchText":"Salutation","IsExpression":false,"ReplacementText":"@outputs('Get_constituent_name_format_summary')?['body/primary_salutation']","Font":"Arial","FontSize":16,"FontColour":"#000000","BackgroundColour":"#FFFFFF","Underline":false}],"operation/FinalOperation":true},"authentication":"@parameters('$authentication')"}},"Create_file":{"runAfter":{"Search_and_Replace_Text":["Succeeded"]},"metadata":{"operationMetadataId":"a069e35d-4e8c-4a17-8323-7d502c3e7ef9"},"type":"OpenApiConnection","inputs":{"host":{"apiId":"/providers/Microsoft.PowerApps/apis/shared_googledrive","connectionName":"shared_googledrive","operationId":"CreateFile"},"parameters":{"folderPath":"/","name":"@concat(outputs('Get_a_constituent')?['body/name'],' ',outputs('Get_a_gift')?['body/date'],'.docx')","body":"@outputs('Search_and_Replace_Text')?['body/FileContent']"},"authentication":"@parameters('$authentication')"}},"Get_a_constituent":{"runAfter":{"Set_the_Current_Date":["Succeeded"]},"metadata":{"operationMetadataId":"9ed2ab7d-337c-4aa2-8192-8162ece74101"},"type":"OpenApiConnection","inputs":{"host":{"apiId":"/providers/Microsoft.PowerApps/apis/shared_blackbaudraisersedge","connectionName":"shared_blackbaudraisersedge","operationId":"GetConstituent"},"parameters":{"constituent_id":"@outputs('Get_a_gift')?['body/constituent_id']"},"authentication":"@parameters('$authentication')"}},"Store_the_Current_Date":{"runAfter":{},"metadata":{"operationMetadataId":"d2ebf961-01a6-4825-8add-882946029f04"},"type":"InitializeVariable","inputs":{"variables":[{"name":"Acknowledgement Merge Date","type":"string"}]}},"Validate_a_user_identity_token":{"runAfter":{"Store_the_Current_Date":["Succeeded"]},"metadata":{"operationMetadataId":"8837981d-7956-4934-a160-af4dceef4e08"},"type":"OpenApiConnection","inputs":{"host":{"apiId":"/providers/Microsoft.PowerApps/apis/shared_blackbaudchurchmanag","connectionName":"shared_blackbaudchurchmanag_1","operationId":"ValidateUserIdentityToken"},"parameters":{"body/uit":"@triggerBody()?['uit']","body/application_id":"59d399ed-3a44-452f-9855-4c2f8ccf04d4"},"authentication":"@parameters('$authentication')"}},"Set_the_Current_Date":{"runAfter":{"Get_a_gift":["Succeeded"]},"metadata":{"operationMetadataId":"35610bcd-0fce-4bae-8ddf-872e39d72373"},"type":"SetVariable","inputs":{"name":"Acknowledgement Merge Date","value":"@{formatDateTime(utcnow(), 'yyyy-MM-dd')}"}},"Update_Acknowledgement_Status_and_Date_in_RE_NXT":{"runAfter":{"Create_file":["Succeeded"]},"metadata":{"operationMetadataId":"c73df72a-9977-407e-9b23-d4b5cba25843"},"type":"OpenApiConnection","inputs":{"host":{"apiId":"/providers/Microsoft.PowerApps/apis/shared_blackbaudraisersedge","connectionName":"shared_blackbaudraisersedge_1","operationId":"EditGiftAcknowledgement"},"parameters":{"acknowledgement_id":"@outputs('Get_a_gift')?['body/id']","body/status":"Acknowledged","body/date":"@variables('Acknowledgement Merge Date')","body/letter":"General Thank You"},"authentication":"@parameters('$authentication')"}},"Terminate":{"runAfter":{"Return_response_to_Requester":["Succeeded"]},"metadata":{"operationMetadataId":"eaa359bc-2b6e-4329-9153-39ccaa9ebd12"},"type":"Terminate","inputs":{"runStatus":"Succeeded"}},"Return_response_to_Requester":{"runAfter":{"Update_Acknowledgement_Status_and_Date_in_RE_NXT":["Succeeded"]},"metadata":{"operationMetadataId":"941420a9-d5b6-4f9c-aa67-4393c30ac802"},"type":"Response","kind":"Http","inputs":{"statusCode":200,"schema":{"message":"The Acknowledgement was successfully processed.","style":"Success"}}},"Get_constituent_name_format_summary":{"runAfter":{"Get_a_constituent":["Succeeded"]},"metadata":{"operationMetadataId":"a12e4491-29a9-4b33-ae8f-fabb91cf4b70"},"type":"OpenApiConnection","inputs":{"host":{"apiId":"/providers/Microsoft.PowerApps/apis/shared_blackbaudconstituent","connectionName":"shared_blackbaudconstituent","operationId":"GetConstituentNameFormatSummary"},"parameters":{"constituent_id":"@outputs('Get_a_constituent')?['body/id']"},"authentication":"@parameters('$authentication')"}}}},"connectionReferences":{"shared_blackbaudraisersedge":{"connectionName":"e00c6a3e0c8c49cdb621f342fe589575","source":"Embedded","id":"/providers/Microsoft.PowerApps/apis/shared_blackbaudraisersedge","tier":"NotSpecified"},"shared_googledrive":{"connectionName":"shared-googledrive-572e6fce-b4a4-40c8-9c06-f997fe5d1916","source":"Embedded","id":"/providers/Microsoft.PowerApps/apis/shared_googledrive","tier":"NotSpecified"},"shared_encodiandocumentmanager":{"connectionName":"shared-encodiandocum-4e0ca11b-916c-4be3-ab71-c52edac2ee0a","source":"Embedded","id":"/providers/Microsoft.PowerApps/apis/shared_encodiandocumentmanager","tier":"NotSpecified"},"shared_blackbaudchurchmanag_1":{"connectionName":"shared-blackbaudchur-16c8ecab-ca49-4b82-ab46-5a5cbf369545","source":"Embedded","id":"/providers/Microsoft.PowerApps/apis/shared_blackbaudchurchmanag","tier":"NotSpecified"},"shared_blackbaudraisersedge_1":{"connectionName":"shared-blackbaudrais-472f96d6-1098-4dd3-9201-05a070a98195","source":"Embedded","id":"/providers/Microsoft.PowerApps/apis/shared_blackbaudraisersedge","tier":"NotSpecified"},"shared_blackbaudconstituent":{"connectionName":"1b2c4bfc40a743aabf0f340f59110e5d","source":"Embedded","id":"/providers/Microsoft.PowerApps/apis/shared_blackbaudconstituent","tier":"NotSpecified"}},"flowFailureAlertSubscribed":false,"isManaged":false}}